{
    "annotationType": 15,
    "color": [
        0,
        0,
        0
    ],
    "thickness": 9,
    "opacity": 0.51,
    "paths": [
        {
            "bezier": [
                220.73674590680105,
                612.1349449020481,
                221.23674590680105,
                611.6349449020481,
                221.61174590680105,
                611.2599449020481,
                221.86174590680105,
                611.0099449020481,
                222.11174590680105,
                610.7599449020481,
                222.48674590680105,
                610.6349449020481,
                222.98674590680105,
                610.6349449020481,
                223.48674590680105,
                610.6349449020481,
                223.86174590680105,
                610.6349449020481,
                224.11174590680105,
                610.6349449020481,
                224.36174590680105,
                610.6349449020481,
                224.73674590680105,
                610.5099449020481,
                225.23674590680105,
                610.2599449020481,
                225.73674590680105,
                610.0099449020481,
                226.23674590680105,
                609.8849449020481,
                226.73674590680105,
                609.8849449020481,
                227.23674590680105,
                609.8849449020481,
                227.98674590680105,
                609.8849449020481,
                228.98674590680105,
                609.8849449020481,
                229.98674590680105,
                609.8849449020481,
                230.61174590680105,
                609.8849449020481,
                230.86174590680105,
                609.8849449020481,
                231.11174590680105,
                609.8849449020481,
                231.36174590680105,
                609.8849449020481,
                231.61174590680105,
                609.8849449020481,
                231.86174590680105,
                609.8849449020481,
                232.23674590680105,
                609.8849449020481,
                232.73674590680105,
                609.8849449020481,
                233.23674590680105,
                609.8849449020481,
                233.73674590680105,
                609.8849449020481,
                234.23674590680105,
                609.8849449020481,
                234.73674590680105,
                609.8849449020481,
                235.23674590680105,
                609.8849449020481,
                235.73674590680105,
                609.8849449020481,
                236.23674590680105,
                609.8849449020481,
                236.61174590680105,
                609.8849449020481,
                236.86174590680105,
                609.8849449020481,
                237.11174590680105,
                609.8849449020481,
                237.48674590680105,
                609.8849449020481,
                237.98674590680105,
                609.8849449020481,
                238.48674590680105,
                609.8849449020481,
                238.98674590680105,
                609.8849449020481,
                239.48674590680105,
                609.8849449020481,
                239.98674590680105,
                609.8849449020481,
                240.36174590680105,
                609.8849449020481,
                240.61174590680105,
                609.8849449020481,
                240.86174590680105,
                609.8849449020481,
                241.11174590680105,
                609.8849449020481,
                241.36174590680105,
                609.8849449020481,
                241.61174590680105,
                609.8849449020481,
                241.86174590680105,
                609.8849449020481,
                242.11174590680105,
                609.8849449020481,
                242.36174590680105,
                609.8849449020481,
                242.73674590680105,
                609.6349449020481,
                243.23674590680105,
                609.1349449020481
            ],
            "points": [
                220.73674590680105,
                612.1349449020481,
                221.23674590680105,
                611.6349449020481,
                222.11174590680105,
                610.7599449020481,
                223.48674590680105,
                610.6349449020481,
                224.36174590680105,
                610.6349449020481,
                225.73674590680105,
                610.0099449020481,
                227.23674590680105,
                609.8849449020481,
                229.98674590680105,
                609.8849449020481,
                231.11174590680105,
                609.8849449020481,
                231.86174590680105,
                609.8849449020481,
                233.23674590680105,
                609.8849449020481,
                234.73674590680105,
                609.8849449020481,
                236.23674590680105,
                609.8849449020481,
                237.11174590680105,
                609.8849449020481,
                238.48674590680105,
                609.8849449020481,
                239.98674590680105,
                609.8849449020481,
                240.86174590680105,
                609.8849449020481,
                241.61174590680105,
                609.8849449020481,
                242.36174590680105,
                609.8849449020481,
                243.23674590680105,
                609.1349449020481
            ]
        }
    ],
    "pageIndex": 0,
    "rect": [
        216.23674590680105,
        595.6401808771149,
        247.7335721032746,
        616.6349449020481
    ],
    "rotation": 0,
    "structTreeParentId": ""
}
